x,y,label
2.290632994143217,3.228472001329127,0
1.2751776920093514,3.0150869875399255,0
2.609265946880514,2.6502945517183707,0
1.4323521208580106,2.4376873709209606,0
2.012658218415441,2.0171404205745973,0
1.7996201426705118,2.4510222893257074,0
2.5381150932953793,1.9082806038073854,0
1.8493452076952797,2.234078667347932,0
2.8941776135252217,1.7094131072784906,0
2.20808905247738,3.040894042668272,0
2.027351312653995,2.383801279574315,0
1.8765774312419976,2.500080032231413,0
1.8615350215014264,2.0703101233325265,0
1.9001681829249457,1.6225348049056179,0
2.247559424072092,2.506553098725007,0
2.0528495680341043,1.5945045143702044,0
1.726214660439767,1.2754026087442814,0
2.5831298628955564,2.0538335714547307,0
2.358092610311254,2.0470694383935086,0
1.4205560454430517,1.6842136029447814,0
2.1967268266817754,2.51375142335638,0
1.590519290670522,2.0761261431270612,0
2.3388201763211356,1.594497860461261,0
2.2236941496701452,1.6189948002834744,0
1.8455830080767326,1.7925275666687979,0
2.0326099509202216,0.6626434212094789,0
2.019120834789582,1.9858700277938919,0
2.2906762201112802,2.396061735405449,0
1.4665906150542765,1.4166182358260269,0
1.6286478832757625,2.3259844034897212,0
2.276337724853147,1.5829532590903725,0
2.00096762892344,2.2990097951910906,0
1.0951752289824395,1.156997546570122,0
1.3328962190572367,1.5471912556510783,0
2.5011882055695054,0.9546635011873863,0
2.031445247888285,2.024742530695623,0
1.15959707481562,1.1953323202243156,0
1.003639519199199,1.7478217586288647,0
2.364221943607819,1.815798284134971,0
2.063925468312525,1.420386249198503,0
1.971789495308537,1.7269496391472616,0
2.5536641285084745,2.0707765107444747,0
1.8235098999157353,2.310843423246277,0
1.6148625713872167,1.779559752461781,0
1.5948419069439077,1.8438567088800164,0
1.114543058825321,1.8610218275628148,0
1.9679732404575057,1.989487218918156,0
1.7567814469040643,2.0168419573113376,0
1.478514329342878,2.8137457058211375,0
2.7082650557482566,2.9221627906324334,0
1.7452664780912988,2.2339751148079783,0
2.031367787742532,1.5475422715821674,0
2.3599835194441616,2.0671703327612687,0
2.3400368269032845,2.190777593533789,0
1.6824233879906887,2.800419350480966,0
2.020904277921993,1.475226508537224,0
2.2154829386078103,1.5913300215686759,0
2.016397273704037,1.1421922929630948,0
1.4663364924754418,1.3835136484164714,0
0.8380923576299975,2.426591538477092,0
1.8873045869124094,2.513796347894112,0
2.1480512711365387,1.7982916887436116,0
2.1579680251827322,2.753033927964614,0
1.8729107754465086,1.0191292350597259,0
1.8051048071971878,2.259884971626079,0
2.0283146417099975,2.4192017424568824,0
1.6402414443952684,1.767892237549682,0
1.6754292960391988,1.9027297993163053,0
2.3035455548950985,2.862567056688528,0
1.675157367096494,2.451638722294569,0
2.119387942451703,1.3959063681793316,0
1.7325514526310064,2.249983645471286,0
1.9978302531147,1.2382931993500625,0
1.4076986127005835,2.147566437180451,0
2.363630444979054,1.8946540117918458,0
1.760109596056826,2.3023687208172,0
1.6745177286647899,2.516192105511815,0
1.5196853887643176,1.772324956558513,0
0.8771833870609884,2.1789120949592644,0
1.709350228466014,2.071007345312031,0
2.3001253603116782,1.0525219569030568,0
2.622594628802764,2.09874200146719,0
2.304764138740922,0.6979507659731408,0
1.6145164689074443,1.9866641051806269,0
2.130031334279479,1.5576337303849672,0
2.240392524587609,2.3449630955119605,0
1.7181253946293658,1.8841697820644399,0
2.6409994603092835,3.0083041963013684,0
2.01995954158539,1.6338069580369896,0
2.448225632007841,0.8967367814444829,0
1.9871772337799838,1.9277308586939794,0
2.3781249852881805,2.398250421611653,0
1.9683255819832848,2.368194357466554,0
2.2956065194566855,1.2850446299958738,0
1.2381178027113853,2.9850035736750664,0
1.6013774667171812,1.1187015294536173,0
2.5974732941870533,2.132938556221813,0
2.2603022330172586,2.2847119856712435,0
2.155998191946502,1.9419422103444999,0
1.9395330112143154,2.440212946209937,0
1.7841755739515273,2.225403992491153,0
2.06588438556747,2.2155987657815714,0
1.2096334944506575,3.8892316414405466,0
2.0599124182401316,1.881122894676766,0
1.340648330860723,1.4882144640053476,0
1.908599563320393,2.816423190120719,0
2.5631078560820404,1.6573557427023404,0
2.282412331170523,1.9528605080855281,0
1.4419253637769964,0.7405793382334425,0
2.2976556429701227,3.3631491338493467,0
1.5243057599534213,3.6801150804471705,0
2.2721900261732015,1.9943195093328407,0
2.643860292290049,1.9024197674606746,0
1.8922372181347393,1.852714982308364,0
1.7104279982079682,1.8098300538382812,0
2.2962004517444976,1.8436544354123403,0
2.3974949791929645,2.2340512315204686,0
2.0170091714767007,2.6998295781814896,0
1.453439372373117,1.714179202336404,0
1.818141931087918,1.3896237193731635,0
1.962351654141258,1.8854526062215715,0
2.136905904276526,1.9772852916486552,0
1.7190872100415149,2.7177474268365818,0
2.35805078966386,1.3796903727454062,0
2.327389691990673,1.0801576006901839,0
1.6570077909215128,2.099747207697181,0
2.3867950299960414,0.8920400139418165,0
1.996076813057119,1.8590213020964246,0
2.062552796077751,1.6520304054952195,0
1.7851384266168893,2.5767131992099657,0
1.7651407121084037,2.0721214885327846,0
1.8888069537605978,1.8179539863612824,0
1.4621702313135003,2.034511976364864,0
1.560841463623466,1.7858107939141201,0
2.2271862437269507,2.8246246616680017,0
2.0055508192257654,2.4272744465539557,0
2.0990638268000588,2.8298947251724633,0
2.097326247665047,2.118265620766655,0
1.7282509967749433,2.5357349724137643,0
1.8256502037815354,2.749326908093267,0
0.8176955564236288,2.7968490825099783,0
1.418746722258525,2.2072812847873005,0
1.7465852933881583,3.3501152962826355,0
2.005071612292702,2.2028874073033835,0
2.1051030485026536,2.0901193651809042,0
2.583812254411929,1.6859429894983509,0
2.3098964213395305,2.102703003429578,0
2.6300338512373633,2.5754970098431538,0
1.8177595525185954,0.9353894702726364,0
2.465342840800912,1.6084111504559773,0
2.591007942773024,1.3196549062596905,0
2.6835648841907025,1.8455755695087794,0
1.443194563061955,1.463772961262939,0
1.9704405175066042,1.9348304496910245,0
2.5125212996236073,2.4710532963722422,0
1.6105840871101889,0.8586768321160767,0
2.151376157721766,0.978125225906779,0
2.318542089355446,2.3377573343687086,0
2.100700324076235,1.955135527019823,0
1.6971151494420615,1.152637528679129,0
2.1916262752199036,2.4813109586575313,0
2.230792304641054,1.1827437562216248,0
1.9576218656408613,1.7416495803690444,0
1.5189155793922926,1.31928278310196,0
2.024134707891222,2.746018799323714,0
1.8867575658757403,1.5224107053655143,0
1.2811134317324364,2.151009429972556,0
2.2181298908582927,0.4844140202969953,0
1.4218550372833607,1.2241655552182806,0
2.545803455690843,2.8208556017395523,0
2.2692549378878875,2.1754462123596294,0
2.008219864186446,3.375828164249801,0
2.4048233613504326,2.3173126221430285,0
2.1281388487859867,1.6266104750580777,0
2.216207961678194,0.38803085865152487,0
1.6121662432569872,1.6691412638411702,0
1.8130933266334353,1.421682666128281,0
1.6199276296524254,2.0316955858721153,0
2.5200532206055364,2.393961864051904,0
1.8579482678581263,1.7363856725666995,0
1.671482810614232,0.40342128278174827,0
2.2133184296664377,1.850064673525364,0
2.9800033020235954,0.5415879687816589,0
2.1233214825152564,1.6873694097769378,0
1.8898458609085127,2.1794986611503737,0
1.7678555208746178,2.4505935938994616,0
1.9010970370448512,1.3667723356631263,0
2.007482011706245,2.422228799897495,0
1.3030258017998588,1.2449126169623401,0
1.9571454809503683,2.1469467327898233,0
1.9603009349293468,1.6199313221709053,0
1.9504959138293787,1.9533695275044995,0
2.100444918014096,0.8166515378859296,0
1.0280607930464947,1.7350778809788834,0
3.157331686489682,1.5838815624989744,0
1.919386918244093,2.2488427828539685,0
2.145586515726628,1.9607304242272876,0
1.8573697498905344,1.5821157771771654,0
2.161936236083196,1.6805525742401297,0
2.495662421960043,2.203893746714609,0
2.485355858790955,1.4409353788771526,0
2.0222020558469107,2.0969937406276364,0
1.9098929912343365,1.1409962947980024,0
2.408719983172864,1.248979849054639,0
1.098520729677914,1.7174836430692992,0
2.585376833456717,2.979142367521792,0
2.0499440792386165,2.6621056833928254,0
1.840396722388234,2.4866277286711354,0
2.0760421279802435,2.0937520880980363,0
2.1264740043058006,1.8106664663146406,0
2.0021522106213245,2.6773253706974236,0
1.7355257364888907,1.9597648407812596,0
2.157650086504911,1.8375892848421553,0
2.7512665629327966,1.2968618952202433,0
2.275576097404773,2.079189434241239,0
1.1786507405422038,1.423066003157118,0
1.459362606102871,2.371035193904043,0
1.7824267507550267,1.996742594695223,0
2.136628238355427,2.251566318543671,0
1.8756050477895927,1.595860460129167,0
1.423438569551901,2.98497952784008,0
2.0826874365302697,2.3942543469540825,0
2.17887849766023,2.298240888741739,0
1.9083461354225715,2.6863730753547013,0
2.8415255112559814,2.471956959625728,0
2.1333894715106023,2.520133541682307,0
1.7176916732802399,2.070466253171518,0
1.9700364490411724,0.5811553961009621,0
2.4669558577646007,1.538880305392207,0
2.4722836239657995,3.449352798229708,0
2.2208223087731653,1.8175240412946456,0
2.3137954188054857,2.4627198481243235,0
1.9329260312304273,2.6962013544636023,0
2.3647370263568033,1.648349510784205,0
1.9804339364651435,1.868478692881264,0
1.7918487936998866,1.9794826430546824,0
2.3604059777538766,1.9120958080487516,0
2.246896279221364,2.036114545445793,0
2.222072498411081,1.4557796345723295,0
1.7776733045932889,2.512787659138197,0
2.395072355313942,1.7603765835232124,0
2.3284590969988086,1.4867719483707493,0
1.6481798367800036,1.89167863776047,0
3.164733074653669,2.4407954111463783,0
2.212845156531802,2.2639884736303477,0
1.432516097354215,1.743955669305558,0
1.5912710560411614,1.5926705052496994,0
2.3774729350810357,2.059050269369817,0
2.0546201787398966,0.022008131048269375,0
2.1016128378025556,2.4572185162746867,0
2.162490543101033,1.885530236224052,0
2.2401946276011957,1.871788288360577,0
1.6897568311540392,2.328840660165051,0
2.0198851448260315,2.3943127248442724,0
2.1189523339071665,1.445145347836803,0
0.9725923392517326,2.8093257729853676,0
2.891466565116644,1.1762963757538867,0
1.7476653628613183,2.422383980258152,0
2.181339984952659,1.365086244072574,0
2.3946086332574703,1.5936485523576231,0
1.9228832570975232,1.8039641125552786,0
2.41421437926367,1.9440100312036142,0
3.4837522661970426,2.7331949592564047,0
1.679952321846758,1.7437625043242826,0
1.774177416503787,1.0827108463371466,0
1.7538544265307952,1.8397672876512488,0
2.055781496090594,1.9155641081874422,0
2.014544291791604,2.1635218947049335,0
1.9644246991015197,2.0583926888777095,0
2.546533542547879,2.839140578368575,0
2.39440899689004,2.1584806011807585,0
2.141216820477194,2.358256941082351,0
1.201331116551755,1.6123366378395443,0
2.209697826641587,1.993024798213635,0
1.5808144591642759,1.8078006902194974,0
2.404923218421961,2.2295744607532852,0
1.601976024154122,2.7588405548586508,0
2.1811197535131406,1.9302054710963523,0
2.558682222699579,2.9000949478602145,0
1.4961000568770926,3.265127835006769,0
2.197646035943372,1.659119964246583,0
2.1880494953058935,1.8111620007648144,0
1.4532740952319345,1.2861624864126255,0
1.8211529455651871,2.7545890724140447,0
1.9281572493671484,1.8558390551938877,0
2.2280475494279584,2.6753052208477928,0
1.7957934424419442,2.0502892091017575,0
2.0945660054605097,1.0482954422298292,0
1.9683878744720247,3.2726942342770977,0
2.5648740686537117,2.884791208991798,0
1.0043559203689951,2.48147950340541,0
2.6679711655783485,3.1708799984333833,0
1.259690995661861,1.4375156024518327,0
1.7399906504449552,2.8115619434334915,0
2.3319957861624894,3.1251263729095995,0
2.1952875868625257,1.9909299944617354,0
2.4988485614742686,2.9212389638819625,0
2.238543525502921,1.7364497918439123,0
1.1913058682752324,0.8936737138068291,0
1.8534514110767557,1.047867357019589,0
2.390292916072343,1.4825378818510617,0
1.7544353937565877,1.9356354250732388,0
2.0075650985809155,2.5059077984991625,0
1.8921129774855263,2.4684021727620196,0
1.9285439656547543,2.510190372206727,0
1.7407273027716725,1.5135968789502292,0
2.5203880728845416,2.8977388308643763,0
1.6765291464497134,2.073078515665159,0
1.9274497329848728,3.053835713987992,0
2.3674931672949255,3.394908456237564,0
1.7357835162841793,1.94699534446732,0
2.1511033145583927,2.474643815943906,0
1.7778233828800671,1.994024298281724,0
2.4334281772719843,2.4235319751632307,0
2.0957641245840546,1.8359406542182324,0
2.808866748490085,1.6279168750550814,0
1.7080107780421148,1.6094197607695755,0
2.4370377269240944,1.4338267538324572,0
2.0821001563762693,2.092560983289872,0
1.5968472373402889,2.17572902035711,0
2.7756634805939555,1.7188681252148021,0
1.3772570462870495,2.638030065873447,0
1.3774060409224673,2.0074545195506954,0
1.3515456226652531,3.0206728898576545,0
1.770232490550009,2.3082752983651598,0
2.9391893722359765,1.0047688147259906,0
1.9885205874343694,2.435600006624689,0
1.929586281544997,1.750647368925799,0
1.8922204511104537,2.620473847778355,0
2.584880064556115,1.678076197614536,0
2.086880920498144,2.9418010371642644,0
1.9830224162811854,2.533333865680149,0
1.8018136918552041,1.5493540831800565,0
2.3097025487862277,1.8936307751474157,0
2.1271591033182182,1.476497767629339,0
2.0280801073795423,1.1759846734258281,0
2.0130520763166824,2.551245589955764,0
2.0275703075524225,3.4161469263399917,0
1.9462834961591302,1.5999650270453611,0
1.6407931872051065,2.137025376326564,0
2.21712646371235,1.9282175953921947,0
2.323624513249738,2.328458139679237,0
2.4745836839524675,1.9080214832913676,0
1.525867447271309,3.835128692496767,0
1.877385049584194,2.4617824639700596,0
2.4841046888011302,1.4795821559806992,0
2.13203976756246,2.626129822007999,0
1.6667705055254696,3.2957121466008603,0
1.944138417420067,0.9784239531221435,0
2.4051681849762496,2.6467341667672075,0
2.352882567624337,1.7183477782080665,0
1.769237921884884,1.2759002648188043,0
1.6221676472686533,1.328661984237109,0
1.8786043339997238,2.172167996675151,0
1.2878208639835362,2.0263263779303253,0
2.1371039093683004,2.112486609765715,0
2.6379012750372626,2.980806556213366,0
2.302503728598799,2.3309517706102296,0
1.3757615614956844,1.5395453557393013,0
1.4691781923654232,1.751021782530101,0
1.565331284414585,2.4943034034346923,0
1.831063931883953,1.5196276083040734,0
1.3675692770033068,2.3419756156164966,0
2.4953366876466703,1.782121431436353,0
1.9333160973507422,3.0220439753299626,0
1.45803925670302,2.0339314672442073,0
1.9261540886627508,1.6570206822401214,0
2.2903974520482144,2.879055720598581,0
2.065642888163956,1.4742307794573908,0
1.9853741537732317,2.6319423407059173,0
1.8018539481837168,2.586547206701081,0
1.5855267933721764,1.8792564414614392,0
2.0411162701722905,1.4088875954260964,0
1.4569787254214464,2.4247866802780074,0
2.1610592990948048,2.00163691727513,0
2.1843916864368578,1.0800527148468424,0
2.2890797212392497,2.147014667536816,0
1.7754307953197213,1.723186331136477,0
2.358233501908426,1.8760004347094958,0
2.227875370612214,1.564897776011931,0
1.3611505319161408,2.0294455028547596,0
1.848997205637679,1.700195174332793,0
2.4940748275060782,1.8916653651944701,0
2.479590589541964,2.7953281479689642,0
2.472709696671543,2.583816650480685,0
2.417927595525908,1.4874210542393986,0
2.5879128467691968,1.679043842670782,0
1.4827624458775688,2.7284012891841236,0
2.075864614858409,1.986663229873545,0
2.5774883956556036,2.4593514914371895,0
1.6767026272009924,2.942970027265244,0
1.8579011324826282,1.3757191854590967,0
2.5530633291529203,1.6840104759352084,0
1.267315151580243,3.2185123204047414,0
2.086214660665792,1.9832121215390062,0
2.254512788043567,2.56940775622982,0
2.212727030670641,2.3407691543258835,0
2.334070886531392,2.122533800317837,0
2.2456504911408506,1.8416570460878199,0
1.5092221846417648,1.515266844637442,0
1.9759897869673204,2.3601283266713087,0
1.7970290136696918,0.6976421372517283,0
2.2578098918257075,1.8433045392055027,0
2.056727901241893,2.310749534278351,0
2.048361515854498,2.1190784245266197,0
1.6897020463888142,1.7980309560546148,0
2.40263370979578,2.6845462906519044,0
1.6134665883882804,1.606063687378678,0
1.7234454917243762,2.544228847472748,0
2.01559576435936,2.5071626407598666,0
2.058458304422027,1.447931583527088,0
2.083899387842818,1.9494834061724684,0
2.318575572646857,1.6823278879528643,0
1.3910702123759742,1.5144062588518397,0
2.2754554696683607,1.8201258569151273,0
1.5856247626654338,1.86192911144259,0
2.321278157653517,2.0030366461863855,0
2.4792007180461124,1.7258147823169123,0
2.040903083088709,2.268428743754588,0
2.22755935078451,1.458096273931499,0
2.4708355255678374,2.657474265947963,0
2.4698871596793426,2.6686044461342666,0
2.1787029070053126,2.187553592667725,0
1.8813502466206686,1.1278190401142718,0
2.385860873406121,2.588820471727123,0
2.037058937394484,1.2332746432868102,0
2.308574681244173,2.3188917046185167,0
2.6231371849307887,1.8067050965645401,0
2.1271781181887244,0.9705239202789882,0
2.271746035527563,2.291281942298849,0
1.832827952417354,1.6788237511167006,0
2.565309108567551,2.293589227272442,0
1.8270334668531645,2.277907863197473,0
1.1132023288976949,2.7492044119572423,0
1.860883666811218,2.074321172853129,0
2.5747354379255114,2.252618205490204,0
2.380872042960007,2.635704082651092,0
1.6754822899454167,1.1508589209915066,0
1.4509588060973782,1.898543457952159,0
1.9717527819086618,2.786170745685027,0
1.7149003211503238,1.8378519796128103,0
1.9101766470560668,1.7316907476185865,0
2.0436906441554017,2.8120080756069408,0
1.6485059755805744,1.2201439110539498,0
2.468984134276401,2.6110552775052525,0
2.365130085224912,1.13544574060449,0
1.9215294150968558,1.4306169477572834,0
2.293854457549163,1.122919916333315,0
1.5839763787018195,2.2132132017653143,0
2.063836482413396,2.122206952219475,0
1.6839064643839001,1.8331206541366813,0
2.7616135470353496,2.4074105525757172,0
2.184085738217142,1.6237331992475785,0
1.6824896241021285,1.8001778906738204,0
2.0142355879330216,1.1327353171522017,0
1.9899643667713607,0.9109857140390838,0
2.702116355365657,2.461861976967648,0
1.3913681684966592,2.2672105589315827,0
2.01947217765812,2.1541633271807887,0
2.149337492525694,2.138805290034072,0
1.553584058159032,1.781463514662887,0
2.4588228061679263,1.89872860419479,0
1.725086641048677,1.2673386138457783,0
1.3724155670236036,2.0205592296911696,0
1.3157409206813384,1.6172088986833002,0
2.08121388636309,0.05057021863342137,0
1.9889251016913048,2.6996791593486007,0
2.585644973789665,1.7904805228197638,0
1.9108540388705624,0.8402792082200867,0
1.786393584732535,1.4167857021235966,0
1.8654713639518472,2.144797218001717,0
1.848814988380056,3.296153253572699,0
1.9915377579878861,2.350098278369676,0
2.168520708240089,1.2738910077369971,0
2.5661339543359136,1.5633721055453464,0
1.9461875443566856,2.313209194704959,0
2.094129915192372,1.347804788004301,0
2.3585017818301086,2.7535394324390556,0
1.404616919164765,1.8996336721547913,0
1.732855688617737,1.626351808791775,0
2.41062268267607,2.612340176639932,0
2.9294603488481075,2.1050390929846303,0
2.2304299836552137,2.4632139304427185,0
2.57907814513535,3.289917856602248,0
1.5260447369883499,1.8887626991436757,0
2.552438118310138,1.656251281657331,0
2.0497640347373114,3.1694963600954407,0
2.363395864043822,2.3950846319580545,0
0.9675251553438868,2.3160449042411786,0
1.949562427498852,1.9095549003955017,0
1.6596746769719903,1.782388590652236,0
2.7192908907691407,1.0202661673466977,0
2.057747111399458,1.6016253109046055,0
3.0262093030501003,2.3785818497574645,0
0.9937001522868385,1.9089021330876728,0
2.5910993799320483,1.4630989282072608,0
2.3659038930145297,1.5199960487436486,0
1.5489985538042226,2.1942202862396143,0
2.2933184194597103,2.5786703243319917,0
2.1458229139026623,2.1850204373530078,0
3.866345946314974,0.12044664460676979,1
3.6578030298515705,0.6687183902269204,1
3.8440116689230783,1.3221818938408902,1
3.3502638515066625,0.9495937548529747,1
3.7937971484104684,1.5022043475468423,1
3.595983066167873,0.8067754840756353,1
3.5898591959679527,1.313347613140178,1
4.0088862571220325,0.3724800299996872,1
3.5228846743025417,0.8753806207763494,1
3.6854619223435203,0.8088747245773179,1
4.801002792849944,0.7280936063227978,1
3.985713196490193,-0.4498803404262657,1
3.6666380222876622,1.8831221559692954,1
4.183985341172744,0.7000223806072812,1
3.6505021091412835,1.100762418821752,1
3.255810327772055,1.2552168737408558,1
3.9985407621761073,1.2653338876283535,1
3.9488237098021437,-0.1946222323345701,1
4.165053391897621,0.7192820032263927,1
3.9505869118821004,0.2533684846770029,1
4.342514583194829,1.3712561571482342,1
4.351979934424874,0.31642929618089655,1
4.149799902425452,0.1516040349168536,1
4.576120947296776,1.342263180812678,1
4.3003124710559515,0.5952575737638337,1
3.227540370112581,1.7212851813099515,1
3.7775607006561476,0.3886793637406313,1
3.2299475295129843,1.5141766692480405,1
4.465935849367555,1.211889204643549,1
4.5773256542585,1.5298511473540728,1
4.1073397604525335,0.9386386006149088,1
3.782787252022724,0.48130892554439,1
3.7239907089530315,1.0524964019390706,1
4.337708063718153,0.8331323718528278,1
4.498641650756968,0.6950440564266607,1
4.609017388538277,1.6706187894136506,1
4.2241975536344665,1.3497622933276245,1
4.138978743409883,0.700116178538521,1
3.830324271995528,1.0925192434866684,1
3.9816947148975372,1.3952523255048759,1
4.0270130450121675,0.2061615023664798,1
4.202318239319336,1.4920034504385806,1
3.9845681858181985,0.8695452136521696,1
3.7755427525949186,0.3722700516290478,1
4.0268185060420265,1.0021499634466469,1
4.64052031462572,1.6097687118073916,1
4.357925280798773,-0.026879552941646123,1
4.009559085225138,1.1425105280723242,1
3.7522748558183183,0.7624523236523868,1
3.588915088170969,2.2193690447674275,1
4.448116453466074,0.39762670814842926,1
4.224680834084386,0.9822759800685773,1
3.876795772964256,0.6616832699938444,1
3.65289861734188,2.371614610456507,1
4.248508151299065,0.8456998119874714,1
3.5450444530545835,0.20474404455179795,1
3.7843171845754915,0.13939497372582055,1
4.504097956163177,1.8066340590880952,1
3.6675851419515526,0.3011888295877183,1
4.072620945425738,1.3343347150682323,1
4.11605538561168,1.589590303626097,1
4.296960869553318,1.3640979149860943,1
3.72393629894409,0.43908199997800923,1
4.639865790274402,0.28784295012224337,1
3.8863724026468285,1.473955985461509,1
4.124762285913775,0.8240573551856057,1
4.1511940159031,0.8593844450645926,1
4.258180496975112,1.0927997166171275,1
4.384570267881474,1.2609110792253255,1
3.7423092303170473,1.8958667019849456,1
4.342799433195697,1.8931703738539265,1
4.058797368941499,1.3530145942166294,1
4.341506750138364,0.9685855487790673,1
3.81978906711751,0.8760687963322688,1
3.4173127773274694,0.711564416694705,1
4.149609043784858,0.14988566796213654,1
3.1431618437404336,1.0206873340314198,1
4.223290174369186,1.335638058401991,1
3.808338077419496,1.0276079511509546,1
3.782676725480854,0.6517728768192956,1
3.5035932630212114,2.3849613796362403,1
4.286988319154916,1.2765409044594214,1
3.8842189457179024,2.0902487506880973,1
3.6027826650113823,-0.0661763993247495,1
3.6639661034530056,1.7424726565139186,1
4.497477465885961,0.7320989506228128,1
4.219576847839259,1.491215452896059,1
3.6631297710807598,1.216818851706198,1
4.271335239665498,0.8614504417644723,1
3.897043078670885,1.917499093645946,1
3.5408419752079188,0.714582929180211,1
3.283145703437609,1.7416638021299935,1
3.8390061194044405,0.1374873039969592,1
4.316765153413968,0.5837573078308511,1
4.369069339622972,0.3663194191119178,1
3.9405680917007295,1.2805913574023728,1
4.350086311114172,1.8311931207373295,1
4.404389011813232,0.03555774074576279,1
3.3807455687343557,-0.033958283440366444,1
3.3757161818832215,0.04229854196023486,1
5.294339308981293,1.3968221281131,1
4.159895472258318,1.511253045681403,1
4.7555163612428935,1.2146904213890108,1
4.441064202897875,2.0137886952793247,1
3.6131642698987507,0.21941324156044328,1
4.5250402900934095,1.148179362014306,1
4.434552176620643,1.4107333725122284,1
3.910326508015427,0.5678359024523718,1
3.6339994154198245,1.917462984196586,1
3.6990742391161686,0.5037818556305456,1
4.117709874066991,1.4357063614253642,1
4.24395682559249,0.3146123725958262,1
3.9976302337040983,0.8969449499290446,1
4.787355730532376,1.466787878106104,1
3.9261211873407023,1.9830462867650263,1
3.506269560768361,1.1356091036759761,1
3.7887213500394905,0.5896366743078074,1
4.262757534366225,0.6128165896231818,1
4.273213497667344,1.161041682473495,1
3.6269084660798057,0.9843392652769949,1
3.7463867475692023,0.6116498054007575,1
4.368684512171924,0.32118674247434464,1
4.0905509316314514,0.2058858457554852,1
4.466807869181995,1.1687396439331232,1
4.0677521684644375,0.570209450602263,1
3.62575239034497,1.04604943085623,1
3.7636294929318,1.8363161783339028,1
4.08955252547627,0.3305749789450053,1
3.6785263045096883,1.6415258796315952,1
3.9041806428025327,0.8561874093804548,1
3.9042551621973414,1.3982572024184299,1
3.8632200970866153,0.0799401970910043,1
3.7172433551157837,0.9977098956666801,1
3.2407737291181387,0.4269073896762158,1
3.670326136223058,1.738600361350516,1
3.642888925532104,1.3314461128275377,1
4.685637004745547,1.2762264269213741,1
4.118336499166808,0.05385463345821162,1
4.165485742250524,0.6160598118394093,1
4.047119815025448,0.6070034987883612,1
4.003635886956679,0.7036653998777129,1
4.304060499866455,1.5207676389664446,1
3.6649493477692685,0.3529585414491043,1
4.508192740958693,0.6009524539050285,1
3.967991532421137,0.5215700406465402,1
3.8848409449279133,0.22682787993329978,1
4.015224697302707,0.253973490347312,1
3.913654253259166,0.7939011610479504,1
3.681012045125057,1.4559157631600779,1
3.6101765416064593,0.5052946104118419,1
3.4477835990876335,0.4973470801643284,1
4.768846513181816,1.3695915137622032,1
4.136141253729498,1.381849486022146,1
3.7063344979595385,0.9699495396411288,1
4.58823213250947,0.8719519423172075,1
4.1026025529925105,0.5409232610905127,1
3.590696832575368,1.6104543431095006,1
4.698422005326977,1.9281697139906435,1
4.329625995554278,0.30144566976529064,1
3.945025715376551,1.1705756878197693,1
3.946385251215532,0.016960070632792257,1
3.6421989610816254,2.032137120480286,1
3.091956306973972,0.5952846695683247,1
3.9573051043718834,2.0325547642570525,1
4.014820252860441,1.4919256392279303,1
3.456721230061617,-0.09760753875422523,1
3.1295069301031715,0.413885521750223,1
3.858391505953043,0.0577751338345015,1
4.156174757779344,1.3124306749489905,1
3.6538386967521657,1.102415861036157,1
4.132428171179517,1.6879141761594119,1
3.6312115134929557,1.1925604644431158,1
3.5813420465174817,0.9599740751317456,1
3.4242851529652705,1.1416391426299022,1
4.0267664870501765,-0.007170839922487682,1
3.9581095021559274,0.7357507512866509,1
4.316598577363446,1.0842597036125667,1
4.66656615516243,0.10331067771761493,1
4.45578745106785,0.7932639312640416,1
4.2876665268435765,0.5797133967100456,1
3.887444191732615,1.5593877655206427,1
4.159590822163001,0.15554445122124094,1
3.9731579850669574,0.3076119855347167,1
3.119253995060854,0.4544276159703521,1
3.685799169812895,0.4189332291395944,1
4.390887032721694,1.2999028983805947,1
3.0617397087540392,0.1526047028372176,1
3.8784572906476757,1.2852999903040065,1
4.301255334654415,0.3210953089312124,1
3.5606963568544527,1.2066234457045544,1
4.1685173624188225,0.5240931688495061,1
3.2763331698896483,0.9838130379734501,1
3.8608511644417187,0.4536941391084852,1
3.445146174075542,0.44828419930914654,1
4.82088120029864,0.6049523222845972,1
3.6678667854341507,1.3295992424834646,1
3.3432707881043395,0.9525410542075037,1
3.713698121616065,1.2279105516384452,1
3.490112014093867,-0.07735639096001412,1
3.7930011209687007,0.9720485370684194,1
3.8992007878588026,0.5946775583144801,1
4.342957640926612,1.79165172636089,1
4.233657925406119,2.0066983986795224,1
4.51374270882318,1.004139315726025,1
4.06805380786479,0.6330738932094956,1
4.053448956658816,0.7701881822329117,1
4.661581240937354,1.2415088691577925,1
3.7118390764883826,0.9997380644141755,1
4.073129786409913,1.0803611831343882,1
4.122891182009842,1.772251349225174,1
3.811344530774339,0.8712569811036867,1
4.2276116508258665,0.21057922714000876,1
3.440974082802909,1.3609403580960207,1
4.2745556328921195,0.45828125331483427,1
3.6308427241342427,0.981151694884406,1
4.103849358992267,1.2613765006704116,1
4.439153830621875,0.3898327976558683,1
4.147155151466198,1.3601497195259342,1
4.319173733377978,1.5819274195325117,1
3.783913480373023,1.7443001689583795,1
4.1112621895792625,1.7883010363892153,1
5.10236308133741,1.6676162462750597,1
3.9846963290313395,1.7794284609023983,1
3.3995466014946407,-0.34108611297761704,1
3.450754049955994,1.2073117278035994,1
4.145194377593621,0.9406436384178489,1
4.608897766569051,0.7859297126137935,1
4.070928134224446,1.2836643847848292,1
3.8373739388410035,0.40026381251140275,1
3.937077564855868,0.43385199381835426,1
4.014915408930933,1.8976978952438865,1
3.6795048883016768,0.3906656377553721,1
4.488176290721192,1.6573634636362118,1
3.637295983499718,0.07185990380280671,1
3.9320536198813403,1.036443573412683,1
4.345414180447829,1.4951812418907395,1
3.735379475865253,0.9221284940832096,1
4.414543720630391,1.6859362621521563,1
3.9180767102089775,0.6470011978922545,1
3.959860416468334,0.08321851107154332,1
4.0366615085718776,0.6648996441473902,1
3.9607606066461107,2.0497123699564015,1
4.273329521734248,0.4521892181622985,1
4.199678716305696,1.229863976479761,1
4.438779542808822,1.9228514049869159,1
4.708056289210077,1.1190702580315348,1
4.429625505728961,1.124561813713209,1
3.7188551058876542,1.670725533400341,1
4.489547719344412,-0.11212662728329637,1
3.4516847323686166,0.9730635052957737,1
4.4603031211198845,1.6981649617079027,1
4.30045165772998,0.6422622924519124,1
4.057233600719139,0.8485798377404405,1
3.538231859783273,1.00920338627848,1
4.377696267769192,0.5506888332357294,1
3.9382250535034977,0.17107757231658405,1
3.256326673079274,0.060298557247604356,1
4.420969518519103,1.0767069587196116,1
3.869821324534211,1.5732897538913841,1
3.575720704789486,1.3727210015897773,1
3.7148883634455143,1.2283691404699912,1
4.49657626187241,0.9432332921683891,1
4.240463612402847,1.516209148717134,1
3.368717302576141,0.7911204136343933,1
3.9729935792262943,1.2423298148517266,1
3.7034564679790805,0.9307678439189566,1
4.205957675015225,1.470508942615421,1
3.6008148348848033,0.03269832220253055,1
3.814177837859519,0.4000312909005822,1
5.3171752949390685,0.9541893084503805,1
4.327497187322298,0.1748293259051089,1
3.770201338524866,1.8655996066532035,1
4.173087980411554,-0.8168072406954976,1
4.6239696751040995,1.920584984033269,1
3.21130262857324,0.2957432931058972,1
3.480093530270516,0.8882397114842123,1
4.103260805355828,1.3439457714914484,1
3.949565901468561,0.7702496220800465,1
4.198402970475595,0.6502027827806188,1
4.020467558341514,1.1515812598603596,1
3.278336409586467,0.3544189484896417,1
3.8514057931008145,1.191894381466025,1
3.8044374892795303,0.4302284750143708,1
4.236556433978852,1.2528867620943211,1
3.198677139880175,1.4625239018933032,1
3.9432878795075657,0.335992281375472,1
4.303659437856361,1.1346009761990326,1
4.305857214500652,1.0919363429290647,1
4.55788792386246,1.3091629636904696,1
3.8581039072060825,1.6902672119293203,1
3.561412238721841,0.9075208940000804,1
4.260131397935138,1.4721778946940889,1
4.121514854879548,-0.2209940816936402,1
3.747153426909418,1.7311136580933875,1
4.115097729024376,1.4020868016248746,1
4.277982426775881,0.8776016446360181,1
4.147951397360793,0.1632558747181453,1
3.98071995270399,1.7775486160926204,1
4.3430477256895905,1.1352495338326105,1
3.5290747888095075,0.8181105633618674,1
4.10344827612944,1.4907000559774746,1
3.763768451198575,1.5114982935983412,1
4.29814890860315,2.000739218494166,1
4.183100628779953,0.21075086644620722,1
4.229200379225958,0.8447960952264384,1
4.1213639404209,0.9800953868564646,1
4.088604960861607,0.7680004578541111,1
4.29775967807902,0.4532309189120103,1
3.5943610365708083,1.4836880754775008,1
3.783802770343527,1.4581625044084516,1
3.919574562920774,0.9106176705829351,1
4.260769010691946,1.693348083859246,1
4.133542466145575,1.4913324158804273,1
4.238674084753132,0.33969257745936643,1
4.152906247581499,0.5950077094496978,1
4.374136151976789,1.1387974277538868,1
4.225703830717067,1.6535464655700938,1
3.866501056840355,1.1907435828973325,1
3.9156425211202914,0.817525567791026,1
4.11554842333639,-0.09004499090394136,1
4.089472891093662,1.0113854077239097,1
2.672881342003355,1.5251529809338427,1
3.4693687379152163,1.7701429257672374,1
4.2122327970002855,1.5595411639885275,1
3.8276460215008368,0.3713808453888372,1
2.94425156638339,1.3931832754230464,1
4.022514162518729,1.3906561918313907,1
3.7061603254667577,0.6748830655701513,1
3.9662916604079457,-0.18827196338966612,1
3.5342617120337554,1.3198951962454575,1
4.07405548443035,2.843377143555487,1
4.288171500921285,1.3664677721400058,1
3.8979030992809416,0.8544752060398031,1
4.00607363271571,2.430089273368562,1
4.719443507717885,1.1722744542578287,1
3.5169462232094206,0.37439857098092433,1
4.069960945705673,1.154984065753977,1
4.302035879607737,0.6135030156403827,1
4.515434374965939,0.5850943621635434,1
4.2280963856013365,0.5928311755901481,1
4.729108375249309,1.5210034757396564,1
4.338603901989097,0.9222043281825649,1
4.573464303672682,1.865542917789676,1
3.7351273699003578,0.36417642745016976,1
4.3327445613984,0.5443889418109263,1
3.5829194020584763,1.2567655960910316,1
4.161645556505426,0.5168469942973923,1
2.962133466017012,1.0278497726470126,1
4.204922150413289,1.3569285493876424,1
4.706733671317061,0.53544450575358,1
3.9259341959287934,0.7336990165300145,1
4.023359789487412,1.7597578747873475,1
3.4596531741736882,0.592688282772098,1
3.989255774805577,1.5307934953117628,1
3.7433088474388088,0.6353880241822023,1
3.818302303054563,0.6624727050097541,1
4.299645532541763,0.8472806997933819,1
4.47243640760852,0.48799855998942276,1
4.161310492116984,1.332094939814414,1
4.171453291645392,1.0771094052813346,1
3.8064743841897237,1.1728154179075734,1
3.5721564684708595,0.746485778600956,1
3.937899617933673,0.1696784694235951,1
3.6016214091461105,-0.3050044108768073,1
3.23254670246227,0.9329570602083478,1
3.4855893302411713,1.5519143612885542,1
3.7181061359676977,0.39708632869103133,1
3.6169050437092354,1.1836691107470705,1
4.761479703634771,0.7622690976273502,1
4.031096506518884,0.9260941481739708,1
4.518450718330859,0.9526916605454523,1
4.3665341543499325,1.1953033351405455,1
4.324417847797801,1.4099697860905522,1
3.9366885909857654,0.020521371225299845,1
3.5854205059136897,1.6194341435959574,1
4.023434779674849,1.0863906218332327,1
3.389252371621857,0.02671549748648261,1
3.766616406519452,0.45449293304860816,1
3.939057215596213,0.3217936966195106,1
3.7770384620844055,0.974216513084611,1
4.104518247525536,1.648989699191079,1
4.319075111991949,0.47349728106320577,1
4.327036140793327,1.4190059285104317,1
3.2739852704729224,0.58495742303634,1
3.8895716597349836,1.018797593556836,1
3.4379485946391872,1.8392552606761305,1
3.2738622845956167,0.6500210589315367,1
3.6235597891513924,1.4761810965886721,1
3.740665025201961,1.2975822779926456,1
3.9263988152367415,0.5334055511856748,1
4.319640236629088,0.864981076986821,1
3.8624884756796303,0.7069850649930031,1
4.63601994413259,0.685081001436376,1
4.5066359310758095,0.5194822506169096,1
4.47704463488308,1.3797023048005705,1
4.303435090116441,0.8773595136615058,1
3.3674285343461943,0.6864880017784478,1
3.9193040745551944,0.8410917327872481,1
4.02148923260554,0.17507670346420878,1
3.544281559922849,1.2094091617828915,1
4.338039370123683,0.9748783398694687,1
4.8772202026689095,2.1101422072534763,1
4.396834695646551,0.3672581678467697,1
4.259826955847938,0.3866885412943374,1
3.9663103937838216,1.610209142214481,1
3.6764578602277576,1.1757199891949628,1
3.828885578253571,0.9684293223474262,1
3.7327609697881554,1.1344123322409292,1
4.57640847749871,1.3551713192382204,1
3.6126345994103026,0.6435121067992773,1
4.321175650717966,2.070493829932845,1
3.7695706467753203,1.120994092468184,1
4.028186657838337,0.6335162092070183,1
3.865883519160495,1.611082885511045,1
4.284798358093207,1.0444543201353977,1
4.138939554891211,0.06928622606007906,1
4.10393756146109,0.046958940151937134,1
3.5319811375607455,1.1289788377011947,1
4.127645829878591,0.5228221207443231,1
3.2997495604979603,0.6158753529068128,1
4.114850888672842,2.0307605183492043,1
4.178717025845001,0.41619357668871326,1
3.9603357292388988,1.226099498564691,1
3.8057401344333357,1.5151948206032402,1
5.0484684717928925,1.084569270404708,1
4.2252645760270555,1.093686451560616,1
3.343035336717693,0.7787996316045037,1
4.2082329582322435,1.877690833688542,1
4.207696578658147,1.5753214949611443,1
4.232559167314284,1.187029165324512,1
4.841343825976047,1.8355798758157107,1
3.7246052626566257,0.6701556725259613,1
3.8930645323706248,0.474599072245834,1
3.844065714679389,0.9531599411733396,1
3.8250824534292915,1.0833566618405044,1
4.184512681536687,0.6206540138792593,1
3.6692384459880962,0.8412090103598932,1
3.6767967793671916,1.7826225104126792,1
3.778781964069515,1.3373938120094533,1
3.4788054103278636,0.7443894269467488,1
3.406659198951999,1.1062704348311925,1
3.658200488081665,0.19394311679599385,1
3.8612349548337894,0.7999388786971506,1
4.770362366055747,0.5849027338045607,1
3.7971707313748855,1.5737604168925392,1
4.194704178513122,1.0517072790258843,1
3.5013020077472894,0.4525314330511351,1
3.805346618641256,1.275035687942879,1
4.091084749486783,0.7286801887420522,1
4.41110519658629,-0.0625641025934014,1
3.679478760630424,1.3345046025762568,1
3.4624826370527586,0.8060232497131163,1
4.690615408338984,1.539860173054396,1
4.099767219047855,0.8300587699836421,1
2.864054061022256,1.0370214169694179,1
3.4995906190021766,0.3026085797649878,1
3.8699826196382854,0.10868616176026491,1
3.6096366205381667,1.8082865122686353,1
4.157554469330005,1.420995881878342,1
4.150416216415735,1.339799148678868,1
3.7895902240373878,0.7219863925525127,1
3.8638818889016524,1.2253239554876536,1
3.8477544675306308,1.8097749730841732,1
3.691520517632579,1.6069895752525123,1
3.9538570991124717,1.4694875327006727,1
3.827779174340826,1.2758322556968533,1
4.063361352367587,0.31942602545216026,1
3.5211389557903496,0.2763968420469537,1
3.493920179228602,0.4476900999459822,1
3.3880693859007502,1.3776836812508098,1
4.302115683636645,1.2853588148212114,1
3.5470365600145355,1.4607013288965482,1
4.127337045070079,1.1535760799354156,1
4.300837455841597,0.3784807483177536,1
3.647661099448992,-0.09186001458350024,1
4.186917862481508,1.8937597109860933,1
3.7725676225547407,0.3028783425795917,1
4.492075430560947,0.29303599748733733,1
3.666769833311867,1.2013570173441779,1
4.065622957869193,0.8675291593167331,1
4.085686333806908,0.9192854853602219,1
4.086608318060969,0.7535789281008641,1
4.318801501170522,0.9904577631743219,1
3.70827005918997,1.4508865611260804,1
3.1656060103932617,1.0440794834121816,1
5.02663810055753,0.9538595534454087,1
3.7857644335997245,1.2238430121624626,1
3.3558650359592144,1.516404545318456,1
3.9877972601395526,0.8539076262444404,1
4.017312661777557,0.7324534894886354,1
4.754814563363243,0.7834344727340296,1
4.254679402269275,0.6278214180537149,1
4.143035357895928,0.8799079908874943,1
4.847724557573696,0.2591541676254986,1
4.181136213468402,0.3961871725876608,1
3.7524293544270013,0.359701130776824,1
3.9273849885885452,1.7080481377134733,1
4.0290797613890925,1.8761919996351373,1
4.091183915107954,1.0515092347191113,1
3.7103134992976927,0.6943683446768165,1
